/home/carmoma/projects/TFM_MiguelAngelEsteve/test_software/eupathdb/library/AmoebaDB-28_AastronyxisUnknown_Genome_kraken_cleaned.fna	AmoebaDB-28_AastronyxisUnknown	65658
/home/carmoma/projects/TFM_MiguelAngelEsteve/test_software/eupathdb/library/AmoebaDB-28_AcastellaniiMa_Genome_kraken_cleaned.fna	AmoebaDB-28_AcastellaniiMa	5755
/home/carmoma/projects/TFM_MiguelAngelEsteve/test_software/eupathdb/library/AmoebaDB-28_AcastellaniiNeff_Genome_kraken_cleaned.fna	AmoebaDB-28_AcastellaniiNeff	1257118
/home/carmoma/projects/TFM_MiguelAngelEsteve/test_software/eupathdb/library/AmoebaDB-28_AculbertsoniA1_Genome_kraken_cleaned.fna	AmoebaDB-28_AculbertsoniA1	43142
/home/carmoma/projects/TFM_MiguelAngelEsteve/test_software/eupathdb/library/AmoebaDB-28_AlenticulataPD2S_Genome_kraken_cleaned.fna	AmoebaDB-28_AlenticulataPD2S	29196
/home/carmoma/projects/TFM_MiguelAngelEsteve/test_software/eupathdb/library/AmoebaDB-28_AlugdunensisL3a_Genome_kraken_cleaned.fna	AmoebaDB-28_AlugdunensisL3a	61605
/home/carmoma/projects/TFM_MiguelAngelEsteve/test_software/eupathdb/library/AmoebaDB-28_Amauritaniensis1652_Genome_kraken_cleaned.fna	AmoebaDB-28_Amauritaniensis1652	196912
/home/carmoma/projects/TFM_MiguelAngelEsteve/test_software/eupathdb/library/AmoebaDB-28_ApalestinensisReich_Genome_kraken_cleaned.fna	AmoebaDB-28_ApalestinensisReich	28015
/home/carmoma/projects/TFM_MiguelAngelEsteve/test_software/eupathdb/library/AmoebaDB-28_AquinaVil3_Genome_kraken_cleaned.fna	AmoebaDB-28_AquinaVil3	211522
/home/carmoma/projects/TFM_MiguelAngelEsteve/test_software/eupathdb/library/AmoebaDB-28_ArhysodesSingh_Genome_kraken_cleaned.fna	AmoebaDB-28_ArhysodesSingh	32599
/home/carmoma/projects/TFM_MiguelAngelEsteve/test_software/eupathdb/library/AmoebaDB-28_AspGalka_Genome_kraken_cleaned.fna	AmoebaDB-28_AspGalka	225840
/home/carmoma/projects/TFM_MiguelAngelEsteve/test_software/eupathdb/library/AmoebaDB-28_AtriangularisSH621_Genome_kraken_cleaned.fna	AmoebaDB-28_AtriangularisSH621	146752
/home/carmoma/projects/TFM_MiguelAngelEsteve/test_software/eupathdb/library/AmoebaDB-28_EdisparSAW760_Genome_kraken_cleaned.fna	AmoebaDB-28_EdisparSAW760	370354
/home/carmoma/projects/TFM_MiguelAngelEsteve/test_software/eupathdb/library/AmoebaDB-28_EhistolyticaDS4_Genome_kraken_cleaned.fna	AmoebaDB-28_EhistolyticaDS4	885310
/home/carmoma/projects/TFM_MiguelAngelEsteve/test_software/eupathdb/library/AmoebaDB-28_EhistolyticaHM1CA_Genome_kraken_cleaned.fna	AmoebaDB-28_EhistolyticaHM1CA	5759
/home/carmoma/projects/TFM_MiguelAngelEsteve/test_software/eupathdb/library/AmoebaDB-28_EhistolyticaHM1IMSS-A_Genome_kraken_cleaned.fna	AmoebaDB-28_EhistolyticaHM1IMSS-A	885318
/home/carmoma/projects/TFM_MiguelAngelEsteve/test_software/eupathdb/library/AmoebaDB-28_EhistolyticaHM1IMSS-B_Genome_kraken_cleaned.fna	AmoebaDB-28_EhistolyticaHM1IMSS-B	885319
/home/carmoma/projects/TFM_MiguelAngelEsteve/test_software/eupathdb/library/AmoebaDB-28_EhistolyticaHM1IMSS_Genome_kraken_cleaned.fna	AmoebaDB-28_EhistolyticaHM1IMSS	294381
/home/carmoma/projects/TFM_MiguelAngelEsteve/test_software/eupathdb/library/AmoebaDB-28_EhistolyticaHM3IMSS_Genome_kraken_cleaned.fna	AmoebaDB-28_EhistolyticaHM3IMSS	885315
/home/carmoma/projects/TFM_MiguelAngelEsteve/test_software/eupathdb/library/AmoebaDB-28_EhistolyticaKU27_Genome_kraken_cleaned.fna	AmoebaDB-28_EhistolyticaKU27	885311
/home/carmoma/projects/TFM_MiguelAngelEsteve/test_software/eupathdb/library/AmoebaDB-28_EhistolyticaKU50_Genome_kraken_cleaned.fna	AmoebaDB-28_EhistolyticaKU50	885313
/home/carmoma/projects/TFM_MiguelAngelEsteve/test_software/eupathdb/library/AmoebaDB-28_EhistolyticaMS96_Genome_kraken_cleaned.fna	AmoebaDB-28_EhistolyticaMS96	885314
/home/carmoma/projects/TFM_MiguelAngelEsteve/test_software/eupathdb/library/AmoebaDB-28_EhistolyticaRahman_Genome_kraken_cleaned.fna	AmoebaDB-28_EhistolyticaRahman	5759
/home/carmoma/projects/TFM_MiguelAngelEsteve/test_software/eupathdb/library/AmoebaDB-28_EinvadensIP1_Genome_kraken_cleaned.fna	AmoebaDB-28_EinvadensIP1	370355
/home/carmoma/projects/TFM_MiguelAngelEsteve/test_software/eupathdb/library/AmoebaDB-28_EmoshkovskiiLaredo_Genome_kraken_cleaned.fna	AmoebaDB-28_EmoshkovskiiLaredo	41668
/home/carmoma/projects/TFM_MiguelAngelEsteve/test_software/eupathdb/library/AmoebaDB-28_EnuttalliP19_Genome_kraken_cleaned.fna	AmoebaDB-28_EnuttalliP19	1076696
/home/carmoma/projects/TFM_MiguelAngelEsteve/test_software/eupathdb/library/AmoebaDB-28_NfowleriATCC30863_Genome_kraken_cleaned.fna	AmoebaDB-28_NfowleriATCC30863	5763
/home/carmoma/projects/TFM_MiguelAngelEsteve/test_software/eupathdb/library/CryptoDB-28_CbaileyiTAMU-09Q1_Genome_kraken_cleaned.fna	CryptoDB-28_CbaileyiTAMU-09Q1	27987
/home/carmoma/projects/TFM_MiguelAngelEsteve/test_software/eupathdb/library/CryptoDB-28_Chominis37999_Genome_kraken_cleaned.fna	CryptoDB-28_Chominis37999	237895
/home/carmoma/projects/TFM_MiguelAngelEsteve/test_software/eupathdb/library/CryptoDB-28_ChominisTU502_Genome_kraken_cleaned.fna	CryptoDB-28_ChominisTU502	353151
/home/carmoma/projects/TFM_MiguelAngelEsteve/test_software/eupathdb/library/CryptoDB-28_ChominisTU502_new_Genome_kraken_cleaned.fna	CryptoDB-28_ChominisTU502_new	237895
/home/carmoma/projects/TFM_MiguelAngelEsteve/test_software/eupathdb/library/CryptoDB-28_ChominisUKH1_Genome_kraken_cleaned.fna	CryptoDB-28_ChominisUKH1	237895
/home/carmoma/projects/TFM_MiguelAngelEsteve/test_software/eupathdb/library/CryptoDB-28_CmeleagridisUKMEL1_Genome_kraken_cleaned.fna	CryptoDB-28_CmeleagridisUKMEL1	93969
/home/carmoma/projects/TFM_MiguelAngelEsteve/test_software/eupathdb/library/CryptoDB-28_CmurisRN66_Genome_kraken_cleaned.fna	CryptoDB-28_CmurisRN66	441375
/home/carmoma/projects/TFM_MiguelAngelEsteve/test_software/eupathdb/library/CryptoDB-28_CparvumIowaII_Genome_kraken_cleaned.fna	CryptoDB-28_CparvumIowaII	353152
/home/carmoma/projects/TFM_MiguelAngelEsteve/test_software/eupathdb/library/CryptoDB-28_CveliaCCMP2878_Genome_kraken_cleaned.fna	CryptoDB-28_CveliaCCMP2878	1169474
/home/carmoma/projects/TFM_MiguelAngelEsteve/test_software/eupathdb/library/CryptoDB-28_GniphandrodesUnknown_Genome_kraken_cleaned.fna	CryptoDB-28_GniphandrodesUnknown	110365
/home/carmoma/projects/TFM_MiguelAngelEsteve/test_software/eupathdb/library/CryptoDB-28_VbrassicaformisCCMP3155_Genome_kraken_cleaned.fna	CryptoDB-28_VbrassicaformisCCMP3155	1169540
/home/carmoma/projects/TFM_MiguelAngelEsteve/test_software/eupathdb/library/FungiDB-28_Aaculeatus_ATCC16872_Genome_kraken_cleaned.fna	FungiDB-28_Aaculeatus_ATCC16872	690307
/home/carmoma/projects/TFM_MiguelAngelEsteve/test_software/eupathdb/library/FungiDB-28_Aastaci_APO3_Genome_kraken_cleaned.fna	FungiDB-28_Aastaci_APO3	112090
/home/carmoma/projects/TFM_MiguelAngelEsteve/test_software/eupathdb/library/FungiDB-28_Acandida_2VRR_Genome_kraken_cleaned.fna	FungiDB-28_Acandida_2VRR	911350
/home/carmoma/projects/TFM_MiguelAngelEsteve/test_software/eupathdb/library/FungiDB-28_Acapsulatus_G186AR_Genome_kraken_cleaned.fna	FungiDB-28_Acapsulatus_G186AR	447093
/home/carmoma/projects/TFM_MiguelAngelEsteve/test_software/eupathdb/library/FungiDB-28_Acapsulatus_NAm1_Genome_kraken_cleaned.fna	FungiDB-28_Acapsulatus_NAm1	339724
/home/carmoma/projects/TFM_MiguelAngelEsteve/test_software/eupathdb/library/FungiDB-28_Acarbonarius_ITEM5010_Genome_kraken_cleaned.fna	FungiDB-28_Acarbonarius_ITEM5010	602072
/home/carmoma/projects/TFM_MiguelAngelEsteve/test_software/eupathdb/library/FungiDB-28_Aclavatus_NRRL1_Genome_kraken_cleaned.fna	FungiDB-28_Aclavatus_NRRL1	344612
/home/carmoma/projects/TFM_MiguelAngelEsteve/test_software/eupathdb/library/FungiDB-28_Aflavus_NRRL3357_Genome_kraken_cleaned.fna	FungiDB-28_Aflavus_NRRL3357	332952
/home/carmoma/projects/TFM_MiguelAngelEsteve/test_software/eupathdb/library/FungiDB-28_Afumigatus_Af293_Genome_kraken_cleaned.fna	FungiDB-28_Afumigatus_Af293	330879
/home/carmoma/projects/TFM_MiguelAngelEsteve/test_software/eupathdb/library/FungiDB-28_Ainvadans_NJM9701_Genome_kraken_cleaned.fna	FungiDB-28_Ainvadans_NJM9701	157072
/home/carmoma/projects/TFM_MiguelAngelEsteve/test_software/eupathdb/library/FungiDB-28_Alaibachii_Nc14_Genome_kraken_cleaned.fna	FungiDB-28_Alaibachii_Nc14	890382
/home/carmoma/projects/TFM_MiguelAngelEsteve/test_software/eupathdb/library/FungiDB-28_Amacrogynus_ATCC38327_Genome_kraken_cleaned.fna	FungiDB-28_Amacrogynus_ATCC38327	578462
/home/carmoma/projects/TFM_MiguelAngelEsteve/test_software/eupathdb/library/FungiDB-28_Anidulans_FGSCA4_Genome_kraken_cleaned.fna	FungiDB-28_Anidulans_FGSCA4	227321
/home/carmoma/projects/TFM_MiguelAngelEsteve/test_software/eupathdb/library/FungiDB-28_Aniger_ATCC1015_Genome_kraken_cleaned.fna	FungiDB-28_Aniger_ATCC1015	380704
/home/carmoma/projects/TFM_MiguelAngelEsteve/test_software/eupathdb/library/FungiDB-28_Aniger_CBS513-88_Genome_kraken_cleaned.fna	FungiDB-28_Aniger_CBS513-88	425011
/home/carmoma/projects/TFM_MiguelAngelEsteve/test_software/eupathdb/library/FungiDB-28_AoryzaeRIB40_Genome_kraken_cleaned.fna	FungiDB-28_AoryzaeRIB40	510516
/home/carmoma/projects/TFM_MiguelAngelEsteve/test_software/eupathdb/library/FungiDB-28_Aterreus_NIH2624_Genome_kraken_cleaned.fna	FungiDB-28_Aterreus_NIH2624	341663
/home/carmoma/projects/TFM_MiguelAngelEsteve/test_software/eupathdb/library/FungiDB-28_Bdendrobatidis_JEL423_Genome_kraken_cleaned.fna	FungiDB-28_Bdendrobatidis_JEL423	403673
/home/carmoma/projects/TFM_MiguelAngelEsteve/test_software/eupathdb/library/FungiDB-28_Bfuckeliana_B05-10_Genome_kraken_cleaned.fna	FungiDB-28_Bfuckeliana_B05-10	332648
/home/carmoma/projects/TFM_MiguelAngelEsteve/test_software/eupathdb/library/FungiDB-28_Calbicans_SC5314_Genome_kraken_cleaned.fna	FungiDB-28_Calbicans_SC5314	237561
/home/carmoma/projects/TFM_MiguelAngelEsteve/test_software/eupathdb/library/FungiDB-28_Ccinerea_okay7-130_Genome_kraken_cleaned.fna	FungiDB-28_Ccinerea_okay7-130	240176
/home/carmoma/projects/TFM_MiguelAngelEsteve/test_software/eupathdb/library/FungiDB-28_Cgattii_R265_Genome_kraken_cleaned.fna	FungiDB-28_Cgattii_R265	294750
/home/carmoma/projects/TFM_MiguelAngelEsteve/test_software/eupathdb/library/FungiDB-28_Cgattii_WM276_Genome_kraken_cleaned.fna	FungiDB-28_Cgattii_WM276	367775
/home/carmoma/projects/TFM_MiguelAngelEsteve/test_software/eupathdb/library/FungiDB-28_Cglabrata_CBS138_Genome_kraken_cleaned.fna	FungiDB-28_Cglabrata_CBS138	284593
/home/carmoma/projects/TFM_MiguelAngelEsteve/test_software/eupathdb/library/FungiDB-28_Cimmitis_H538-4_Genome_kraken_cleaned.fna	FungiDB-28_Cimmitis_H538-4	396776
/home/carmoma/projects/TFM_MiguelAngelEsteve/test_software/eupathdb/library/FungiDB-28_CimmitisRMSCC2394_Genome_kraken_cleaned.fna	FungiDB-28_CimmitisRMSCC2394	404692
/home/carmoma/projects/TFM_MiguelAngelEsteve/test_software/eupathdb/library/FungiDB-28_CimmitisRMSCC3703_Genome_kraken_cleaned.fna	FungiDB-28_CimmitisRMSCC3703	454286
/home/carmoma/projects/TFM_MiguelAngelEsteve/test_software/eupathdb/library/FungiDB-28_Cimmitis_RS_Genome_kraken_cleaned.fna	FungiDB-28_Cimmitis_RS	246410
/home/carmoma/projects/TFM_MiguelAngelEsteve/test_software/eupathdb/library/FungiDB-28_Cneoformans_B-3501A_Genome_kraken_cleaned.fna	FungiDB-28_Cneoformans_B-3501A	283643
/home/carmoma/projects/TFM_MiguelAngelEsteve/test_software/eupathdb/library/FungiDB-28_Cneoformans_H99_Genome_kraken_cleaned.fna	FungiDB-28_Cneoformans_H99	235443
/home/carmoma/projects/TFM_MiguelAngelEsteve/test_software/eupathdb/library/FungiDB-28_Cneoformans_JEC21_Genome_kraken_cleaned.fna	FungiDB-28_Cneoformans_JEC21	214684
/home/carmoma/projects/TFM_MiguelAngelEsteve/test_software/eupathdb/library/FungiDB-28_Cposadasii_C735deltSOWgp_Genome_kraken_cleaned.fna	FungiDB-28_Cposadasii_C735deltSOWgp	222929
/home/carmoma/projects/TFM_MiguelAngelEsteve/test_software/eupathdb/library/FungiDB-28_CposadasiiCPA0001_Genome_kraken_cleaned.fna	FungiDB-28_CposadasiiCPA0001	469472
/home/carmoma/projects/TFM_MiguelAngelEsteve/test_software/eupathdb/library/FungiDB-28_CposadasiiCPA0020_Genome_kraken_cleaned.fna	FungiDB-28_CposadasiiCPA0020	490068
/home/carmoma/projects/TFM_MiguelAngelEsteve/test_software/eupathdb/library/FungiDB-28_CposadasiiCPA0066_Genome_kraken_cleaned.fna	FungiDB-28_CposadasiiCPA0066	490069
/home/carmoma/projects/TFM_MiguelAngelEsteve/test_software/eupathdb/library/FungiDB-28_CposadasiiRMSCC1037_Genome_kraken_cleaned.fna	FungiDB-28_CposadasiiRMSCC1037	490065
/home/carmoma/projects/TFM_MiguelAngelEsteve/test_software/eupathdb/library/FungiDB-28_CposadasiiRMSCC1038_Genome_kraken_cleaned.fna	FungiDB-28_CposadasiiRMSCC1038	490066
/home/carmoma/projects/TFM_MiguelAngelEsteve/test_software/eupathdb/library/FungiDB-28_CposadasiiRMSCC2133_Genome_kraken_cleaned.fna	FungiDB-28_CposadasiiRMSCC2133	469470
/home/carmoma/projects/TFM_MiguelAngelEsteve/test_software/eupathdb/library/FungiDB-28_CposadasiiRMSCC3488_Genome_kraken_cleaned.fna	FungiDB-28_CposadasiiRMSCC3488	454284
/home/carmoma/projects/TFM_MiguelAngelEsteve/test_software/eupathdb/library/FungiDB-28_CposadasiiRMSCC3700_Genome_kraken_cleaned.fna	FungiDB-28_CposadasiiRMSCC3700	469471
/home/carmoma/projects/TFM_MiguelAngelEsteve/test_software/eupathdb/library/FungiDB-28_CposadasiiSilveira_Genome_kraken_cleaned.fna	FungiDB-28_CposadasiiSilveira	443226
/home/carmoma/projects/TFM_MiguelAngelEsteve/test_software/eupathdb/library/FungiDB-28_Fgraminearum_PH-1_Genome_kraken_cleaned.fna	FungiDB-28_Fgraminearum_PH-1	229533
/home/carmoma/projects/TFM_MiguelAngelEsteve/test_software/eupathdb/library/FungiDB-28_Foxysporum_4287_Genome_kraken_cleaned.fna	FungiDB-28_Foxysporum_4287	426428
/home/carmoma/projects/TFM_MiguelAngelEsteve/test_software/eupathdb/library/FungiDB-28_Fverticillioides_7600_Genome_kraken_cleaned.fna	FungiDB-28_Fverticillioides_7600	334819
/home/carmoma/projects/TFM_MiguelAngelEsteve/test_software/eupathdb/library/FungiDB-28_Harabidopsidis_Emoy2_Genome_kraken_cleaned.fna	FungiDB-28_Harabidopsidis_Emoy2	559515
/home/carmoma/projects/TFM_MiguelAngelEsteve/test_software/eupathdb/library/FungiDB-28_Mcircinelloides_CBS277-49_Genome_kraken_cleaned.fna	FungiDB-28_Mcircinelloides_CBS277-49	747725
/home/carmoma/projects/TFM_MiguelAngelEsteve/test_software/eupathdb/library/FungiDB-28_Mglobosa_CBS7966_Genome_kraken_cleaned.fna	FungiDB-28_Mglobosa_CBS7966	425265
/home/carmoma/projects/TFM_MiguelAngelEsteve/test_software/eupathdb/library/FungiDB-28_Mlarici-populina_98AG31_Genome_kraken_cleaned.fna	FungiDB-28_Mlarici-populina_98AG31	747676
/home/carmoma/projects/TFM_MiguelAngelEsteve/test_software/eupathdb/library/FungiDB-28_Moryzae_70-15_Genome_kraken_cleaned.fna	FungiDB-28_Moryzae_70-15	242507
/home/carmoma/projects/TFM_MiguelAngelEsteve/test_software/eupathdb/library/FungiDB-28_Ncrassa_OR74A_Genome_kraken_cleaned.fna	FungiDB-28_Ncrassa_OR74A	367110
/home/carmoma/projects/TFM_MiguelAngelEsteve/test_software/eupathdb/library/FungiDB-28_Ndiscreta_FGSC8579_Genome_kraken_cleaned.fna	FungiDB-28_Ndiscreta_FGSC8579	510953
/home/carmoma/projects/TFM_MiguelAngelEsteve/test_software/eupathdb/library/FungiDB-28_Nfischeri_NRRL181_Genome_kraken_cleaned.fna	FungiDB-28_Nfischeri_NRRL181	331117
/home/carmoma/projects/TFM_MiguelAngelEsteve/test_software/eupathdb/library/FungiDB-28_Ntetrasperma_FGSC2508_Genome_kraken_cleaned.fna	FungiDB-28_Ntetrasperma_FGSC2508	510951
/home/carmoma/projects/TFM_MiguelAngelEsteve/test_software/eupathdb/library/FungiDB-28_Paphanidermatum_DAOMBR444_Genome_kraken_cleaned.fna	FungiDB-28_Paphanidermatum_DAOMBR444	1223555
/home/carmoma/projects/TFM_MiguelAngelEsteve/test_software/eupathdb/library/FungiDB-28_Parrhenomanes_ATCC12531_Genome_kraken_cleaned.fna	FungiDB-28_Parrhenomanes_ATCC12531	1223556
/home/carmoma/projects/TFM_MiguelAngelEsteve/test_software/eupathdb/library/FungiDB-28_Pblakesleeanus_NRRL1555-_Genome_kraken_cleaned.fna	FungiDB-28_Pblakesleeanus_NRRL1555-	763407
/home/carmoma/projects/TFM_MiguelAngelEsteve/test_software/eupathdb/library/FungiDB-28_Pcapsici_LT1534_Genome_kraken_cleaned.fna	FungiDB-28_Pcapsici_LT1534	763924
/home/carmoma/projects/TFM_MiguelAngelEsteve/test_software/eupathdb/library/FungiDB-28_Pchrysosporium_RP-78_Genome_kraken_cleaned.fna	FungiDB-28_Pchrysosporium_RP-78	273507
/home/carmoma/projects/TFM_MiguelAngelEsteve/test_software/eupathdb/library/FungiDB-28_Pcinnamomi_CBS144-22_Genome_kraken_cleaned.fna	FungiDB-28_Pcinnamomi_CBS144-22	622258
/home/carmoma/projects/TFM_MiguelAngelEsteve/test_software/eupathdb/library/FungiDB-28_Pgraminis_CRL75-36-700-3_Genome_kraken_cleaned.fna	FungiDB-28_Pgraminis_CRL75-36-700-3	418459
/home/carmoma/projects/TFM_MiguelAngelEsteve/test_software/eupathdb/library/FungiDB-28_Pinfestans_T30-4_Genome_kraken_cleaned.fna	FungiDB-28_Pinfestans_T30-4	403677
/home/carmoma/projects/TFM_MiguelAngelEsteve/test_software/eupathdb/library/FungiDB-28_Pirregulare_DAOMBR486_Genome_kraken_cleaned.fna	FungiDB-28_Pirregulare_DAOMBR486	1223557
/home/carmoma/projects/TFM_MiguelAngelEsteve/test_software/eupathdb/library/FungiDB-28_Piwayamai_DAOMBR242034_Genome_kraken_cleaned.fna	FungiDB-28_Piwayamai_DAOMBR242034	1223558
/home/carmoma/projects/TFM_MiguelAngelEsteve/test_software/eupathdb/library/FungiDB-28_Pjirovecii_SE8_Genome_kraken_cleaned.fna	FungiDB-28_Pjirovecii_SE8	1209962
/home/carmoma/projects/TFM_MiguelAngelEsteve/test_software/eupathdb/library/FungiDB-28_Pparasitica_INRA-310_Genome_kraken_cleaned.fna	FungiDB-28_Pparasitica_INRA-310	761204
/home/carmoma/projects/TFM_MiguelAngelEsteve/test_software/eupathdb/library/FungiDB-28_Pramorum_Pr-102_Genome_kraken_cleaned.fna	FungiDB-28_Pramorum_Pr-102	164328
/home/carmoma/projects/TFM_MiguelAngelEsteve/test_software/eupathdb/library/FungiDB-28_Psojae_P6497_Genome_kraken_cleaned.fna	FungiDB-28_Psojae_P6497	67593
/home/carmoma/projects/TFM_MiguelAngelEsteve/test_software/eupathdb/library/FungiDB-28_Pultimum_BR650_Genome_kraken_cleaned.fna	FungiDB-28_Pultimum_BR650	1223559
/home/carmoma/projects/TFM_MiguelAngelEsteve/test_software/eupathdb/library/FungiDB-28_Pultimum_DAOMBR144_Genome_kraken_cleaned.fna	FungiDB-28_Pultimum_DAOMBR144	431595
/home/carmoma/projects/TFM_MiguelAngelEsteve/test_software/eupathdb/library/FungiDB-28_Pvexans_DAOMBR484_Genome_kraken_cleaned.fna	FungiDB-28_Pvexans_DAOMBR484	1223560
/home/carmoma/projects/TFM_MiguelAngelEsteve/test_software/eupathdb/library/FungiDB-28_Rdelemar_RA99-880_Genome_kraken_cleaned.fna	FungiDB-28_Rdelemar_RA99-880	246409
/home/carmoma/projects/TFM_MiguelAngelEsteve/test_software/eupathdb/library/FungiDB-28_Scerevisiae_S288c_Genome_kraken_cleaned.fna	FungiDB-28_Scerevisiae_S288c	559292
/home/carmoma/projects/TFM_MiguelAngelEsteve/test_software/eupathdb/library/FungiDB-28_Sdiclina_VS20_Genome_kraken_cleaned.fna	FungiDB-28_Sdiclina_VS20	1156394
/home/carmoma/projects/TFM_MiguelAngelEsteve/test_software/eupathdb/library/FungiDB-28_Sjaponicus_yFS275_Genome_kraken_cleaned.fna	FungiDB-28_Sjaponicus_yFS275	402676
/home/carmoma/projects/TFM_MiguelAngelEsteve/test_software/eupathdb/library/FungiDB-28_Smacrospora_k-hell_Genome_kraken_cleaned.fna	FungiDB-28_Smacrospora_k-hell	771870
/home/carmoma/projects/TFM_MiguelAngelEsteve/test_software/eupathdb/library/FungiDB-28_Soctosporus_yFS286_Genome_kraken_cleaned.fna	FungiDB-28_Soctosporus_yFS286	483514
/home/carmoma/projects/TFM_MiguelAngelEsteve/test_software/eupathdb/library/FungiDB-28_Sparasitica_CBS223-65_Genome_kraken_cleaned.fna	FungiDB-28_Sparasitica_CBS223-65	695850
/home/carmoma/projects/TFM_MiguelAngelEsteve/test_software/eupathdb/library/FungiDB-28_Spombe_972h-_Genome_kraken_cleaned.fna	FungiDB-28_Spombe_972h-	284812
/home/carmoma/projects/TFM_MiguelAngelEsteve/test_software/eupathdb/library/FungiDB-28_Spunctatus_DAOMBR117_Genome_kraken_cleaned.fna	FungiDB-28_Spunctatus_DAOMBR117	645134
/home/carmoma/projects/TFM_MiguelAngelEsteve/test_software/eupathdb/library/FungiDB-28_Sreilianum_SRZ2_Genome_kraken_cleaned.fna	FungiDB-28_Sreilianum_SRZ2	999809
/home/carmoma/projects/TFM_MiguelAngelEsteve/test_software/eupathdb/library/FungiDB-28_Ssclerotiorum_1980UF-70_Genome_kraken_cleaned.fna	FungiDB-28_Ssclerotiorum_1980UF-70	665079
/home/carmoma/projects/TFM_MiguelAngelEsteve/test_software/eupathdb/library/FungiDB-28_Tmarneffei_ATCC18224_Genome_kraken_cleaned.fna	FungiDB-28_Tmarneffei_ATCC18224	441960
/home/carmoma/projects/TFM_MiguelAngelEsteve/test_software/eupathdb/library/FungiDB-28_Tmesenterica_DSM1558_Genome_kraken_cleaned.fna	FungiDB-28_Tmesenterica_DSM1558	578456
/home/carmoma/projects/TFM_MiguelAngelEsteve/test_software/eupathdb/library/FungiDB-28_Treesei_QM6a_Genome_kraken_cleaned.fna	FungiDB-28_Treesei_QM6a	431241
/home/carmoma/projects/TFM_MiguelAngelEsteve/test_software/eupathdb/library/FungiDB-28_Tstipitatus_ATCC10500_Genome_kraken_cleaned.fna	FungiDB-28_Tstipitatus_ATCC10500	441959
/home/carmoma/projects/TFM_MiguelAngelEsteve/test_software/eupathdb/library/FungiDB-28_Umaydis_521_Genome_kraken_cleaned.fna	FungiDB-28_Umaydis_521	237631
/home/carmoma/projects/TFM_MiguelAngelEsteve/test_software/eupathdb/library/FungiDB-28_Ylipolytica_CLIB122_Genome_kraken_cleaned.fna	FungiDB-28_Ylipolytica_CLIB122	284591
/home/carmoma/projects/TFM_MiguelAngelEsteve/test_software/eupathdb/library/GiardiaDB-28_GintestinalisAssemblageADH_Genome_kraken_cleaned.fna	GiardiaDB-28_GintestinalisAssemblageADH	941442
/home/carmoma/projects/TFM_MiguelAngelEsteve/test_software/eupathdb/library/GiardiaDB-28_GintestinalisAssemblageA_Genome_kraken_cleaned.fna	GiardiaDB-28_GintestinalisAssemblageA	941442
/home/carmoma/projects/TFM_MiguelAngelEsteve/test_software/eupathdb/library/GiardiaDB-28_GintestinalisAssemblageB_Genome_kraken_cleaned.fna	GiardiaDB-28_GintestinalisAssemblageB	1394984
/home/carmoma/projects/TFM_MiguelAngelEsteve/test_software/eupathdb/library/GiardiaDB-28_GintestinalisAssemblageBGS_B_Genome_kraken_cleaned.fna	GiardiaDB-28_GintestinalisAssemblageBGS_B	1394984
/home/carmoma/projects/TFM_MiguelAngelEsteve/test_software/eupathdb/library/GiardiaDB-28_GintestinalisAssemblageE_Genome_kraken_cleaned.fna	GiardiaDB-28_GintestinalisAssemblageE	1394985
/home/carmoma/projects/TFM_MiguelAngelEsteve/test_software/eupathdb/library/GiardiaDB-28_SsalmonicidaATCC50377_Genome_kraken_cleaned.fna	GiardiaDB-28_SsalmonicidaATCC50377	348837
/home/carmoma/projects/TFM_MiguelAngelEsteve/test_software/eupathdb/library/MicrosporidiaDB-28_AalgeraePRA109_Genome_kraken_cleaned.fna	MicrosporidiaDB-28_AalgeraePRA109	1240240
/home/carmoma/projects/TFM_MiguelAngelEsteve/test_software/eupathdb/library/MicrosporidiaDB-28_AalgeraePRA339_Genome_kraken_cleaned.fna	MicrosporidiaDB-28_AalgeraePRA339	1288291
/home/carmoma/projects/TFM_MiguelAngelEsteve/test_software/eupathdb/library/MicrosporidiaDB-28_AalgeraeUndeen_Genome_kraken_cleaned.fna	MicrosporidiaDB-28_AalgeraeUndeen	1150868
/home/carmoma/projects/TFM_MiguelAngelEsteve/test_software/eupathdb/library/MicrosporidiaDB-28_EaedisUSNM41457_Genome_kraken_cleaned.fna	MicrosporidiaDB-28_EaedisUSNM41457	1003232
/home/carmoma/projects/TFM_MiguelAngelEsteve/test_software/eupathdb/library/MicrosporidiaDB-28_EbieneusiH348_Genome_kraken_cleaned.fna	MicrosporidiaDB-28_EbieneusiH348	481877
/home/carmoma/projects/TFM_MiguelAngelEsteve/test_software/eupathdb/library/MicrosporidiaDB-28_EcuniculiEC1_Genome_kraken_cleaned.fna	MicrosporidiaDB-28_EcuniculiEC1	986730
/home/carmoma/projects/TFM_MiguelAngelEsteve/test_software/eupathdb/library/MicrosporidiaDB-28_EcuniculiEC2_Genome_kraken_cleaned.fna	MicrosporidiaDB-28_EcuniculiEC2	989654
/home/carmoma/projects/TFM_MiguelAngelEsteve/test_software/eupathdb/library/MicrosporidiaDB-28_EcuniculiEC3_Genome_kraken_cleaned.fna	MicrosporidiaDB-28_EcuniculiEC3	989655
/home/carmoma/projects/TFM_MiguelAngelEsteve/test_software/eupathdb/library/MicrosporidiaDB-28_EcuniculiGBM1_Genome_kraken_cleaned.fna	MicrosporidiaDB-28_EcuniculiGBM1	284813
/home/carmoma/projects/TFM_MiguelAngelEsteve/test_software/eupathdb/library/MicrosporidiaDB-28_EhellemSwiss_Genome_kraken_cleaned.fna	MicrosporidiaDB-28_EhellemSwiss	27973
/home/carmoma/projects/TFM_MiguelAngelEsteve/test_software/eupathdb/library/MicrosporidiaDB-28_EintestinalisATCC50506_Genome_kraken_cleaned.fna	MicrosporidiaDB-28_EintestinalisATCC50506	876142
/home/carmoma/projects/TFM_MiguelAngelEsteve/test_software/eupathdb/library/MicrosporidiaDB-28_EromaleaeSJ2008_Genome_kraken_cleaned.fna	MicrosporidiaDB-28_EromaleaeSJ2008	1178016
/home/carmoma/projects/TFM_MiguelAngelEsteve/test_software/eupathdb/library/MicrosporidiaDB-28_HtvaerminnensisOER-3-3_Genome_kraken_cleaned.fna	MicrosporidiaDB-28_HtvaerminnensisOER-3-3	657448
/home/carmoma/projects/TFM_MiguelAngelEsteve/test_software/eupathdb/library/MicrosporidiaDB-28_MdaphniaeUGP3_Genome_kraken_cleaned.fna	MicrosporidiaDB-28_MdaphniaeUGP3	1485682
/home/carmoma/projects/TFM_MiguelAngelEsteve/test_software/eupathdb/library/MicrosporidiaDB-28_NbombycisCQ1_Genome_kraken_cleaned.fna	MicrosporidiaDB-28_NbombycisCQ1	578461
/home/carmoma/projects/TFM_MiguelAngelEsteve/test_software/eupathdb/library/MicrosporidiaDB-28_NceranaeBRL01_Genome_kraken_cleaned.fna	MicrosporidiaDB-28_NceranaeBRL01	578460
/home/carmoma/projects/TFM_MiguelAngelEsteve/test_software/eupathdb/library/MicrosporidiaDB-28_NematocidaSp1ERTm2_Genome_kraken_cleaned.fna	MicrosporidiaDB-28_NematocidaSp1ERTm2	944018
/home/carmoma/projects/TFM_MiguelAngelEsteve/test_software/eupathdb/library/MicrosporidiaDB-28_NparisiiERTm1_Genome_kraken_cleaned.fna	MicrosporidiaDB-28_NparisiiERTm1	881290
/home/carmoma/projects/TFM_MiguelAngelEsteve/test_software/eupathdb/library/MicrosporidiaDB-28_NparisiiERTm3_Genome_kraken_cleaned.fna	MicrosporidiaDB-28_NparisiiERTm3	935791
/home/carmoma/projects/TFM_MiguelAngelEsteve/test_software/eupathdb/library/MicrosporidiaDB-28_Nsp1ERTm6_Genome_kraken_cleaned.fna	MicrosporidiaDB-28_Nsp1ERTm6	1138374
/home/carmoma/projects/TFM_MiguelAngelEsteve/test_software/eupathdb/library/MicrosporidiaDB-28_OcolligataOC4_Genome_kraken_cleaned.fna	MicrosporidiaDB-28_OcolligataOC4	1354746
/home/carmoma/projects/TFM_MiguelAngelEsteve/test_software/eupathdb/library/MicrosporidiaDB-28_Slophii42_110_Genome_kraken_cleaned.fna	MicrosporidiaDB-28_Slophii42_110	1358809
/home/carmoma/projects/TFM_MiguelAngelEsteve/test_software/eupathdb/library/MicrosporidiaDB-28_ThominisUnknown_Genome_kraken_cleaned.fna	MicrosporidiaDB-28_ThominisUnknown	72359
/home/carmoma/projects/TFM_MiguelAngelEsteve/test_software/eupathdb/library/MicrosporidiaDB-28_VcorneaeATCC50505_Genome_kraken_cleaned.fna	MicrosporidiaDB-28_VcorneaeATCC50505	993615
/home/carmoma/projects/TFM_MiguelAngelEsteve/test_software/eupathdb/library/MicrosporidiaDB-28_Vculicisfloridensis_Genome_kraken_cleaned.fna	MicrosporidiaDB-28_Vculicisfloridensis	103449
/home/carmoma/projects/TFM_MiguelAngelEsteve/test_software/eupathdb/library/PiroplasmaDB-28_BbigeminaBOND_Genome_kraken_cleaned.fna	PiroplasmaDB-28_BbigeminaBOND	5866
/home/carmoma/projects/TFM_MiguelAngelEsteve/test_software/eupathdb/library/PiroplasmaDB-28_BbovisT2Bo_Genome_kraken_cleaned.fna	PiroplasmaDB-28_BbovisT2Bo	484906
/home/carmoma/projects/TFM_MiguelAngelEsteve/test_software/eupathdb/library/PiroplasmaDB-28_BmicrotiRI_Genome_kraken_cleaned.fna	PiroplasmaDB-28_BmicrotiRI	1133968
/home/carmoma/projects/TFM_MiguelAngelEsteve/test_software/eupathdb/library/PiroplasmaDB-28_CfelisWinnie_Genome_kraken_cleaned.fna	PiroplasmaDB-28_CfelisWinnie	27996
/home/carmoma/projects/TFM_MiguelAngelEsteve/test_software/eupathdb/library/PiroplasmaDB-28_TannulataAnkara_Genome_kraken_cleaned.fna	PiroplasmaDB-28_TannulataAnkara	353154
/home/carmoma/projects/TFM_MiguelAngelEsteve/test_software/eupathdb/library/PiroplasmaDB-28_TequiWA_Genome_kraken_cleaned.fna	PiroplasmaDB-28_TequiWA	1537102
/home/carmoma/projects/TFM_MiguelAngelEsteve/test_software/eupathdb/library/PiroplasmaDB-28_TorientalisShintoku_Genome_kraken_cleaned.fna	PiroplasmaDB-28_TorientalisShintoku	869250
/home/carmoma/projects/TFM_MiguelAngelEsteve/test_software/eupathdb/library/PiroplasmaDB-28_TparvaMuguga_Genome_kraken_cleaned.fna	PiroplasmaDB-28_TparvaMuguga	333668
/home/carmoma/projects/TFM_MiguelAngelEsteve/test_software/eupathdb/library/PlasmoDB-28_PcoatneyiHackeri_Genome_kraken_cleaned.fna	PlasmoDB-28_PcoatneyiHackeri	208452
/home/carmoma/projects/TFM_MiguelAngelEsteve/test_software/eupathdb/library/PlasmoDB-28_PcynomolgiB_Genome_kraken_cleaned.fna	PlasmoDB-28_PcynomolgiB	1120755
/home/carmoma/projects/TFM_MiguelAngelEsteve/test_software/eupathdb/library/PlasmoDB-28_PfalciparumIT_Genome_kraken_cleaned.fna	PlasmoDB-28_PfalciparumIT	5833
/home/carmoma/projects/TFM_MiguelAngelEsteve/test_software/eupathdb/library/PlasmoDB-28_Pgallinaceum8A_Genome_kraken_cleaned.fna	PlasmoDB-28_Pgallinaceum8A	5849
/home/carmoma/projects/TFM_MiguelAngelEsteve/test_software/eupathdb/library/PlasmoDB-28_PreichenowiCDC_Genome_kraken_cleaned.fna	PlasmoDB-28_PreichenowiCDC	5854
/home/carmoma/projects/TFM_MiguelAngelEsteve/test_software/eupathdb/library/PlasmoDB-28_PvivaxSal1_Genome_kraken_cleaned.fna	PlasmoDB-28_PvivaxSal1	126793
/home/carmoma/projects/TFM_MiguelAngelEsteve/test_software/eupathdb/library/PlasmoDB-28_Pyoeliiyoelii17X_Genome_kraken_cleaned.fna	PlasmoDB-28_Pyoeliiyoelii17X	5861
/home/carmoma/projects/TFM_MiguelAngelEsteve/test_software/eupathdb/library/PlasmoDB-28_Pyoeliiyoelii17XNL_Genome_kraken_cleaned.fna	PlasmoDB-28_Pyoeliiyoelii17XNL	352914
/home/carmoma/projects/TFM_MiguelAngelEsteve/test_software/eupathdb/library/PlasmoDB-28_PyoeliiyoeliiYM_Genome_kraken_cleaned.fna	PlasmoDB-28_PyoeliiyoeliiYM	5861
/home/carmoma/projects/TFM_MiguelAngelEsteve/test_software/eupathdb/library/ToxoDB-28_CcayetanensisCHN_HEN01_Genome_kraken_cleaned.fna	ToxoDB-28_CcayetanensisCHN_HEN01	88456
/home/carmoma/projects/TFM_MiguelAngelEsteve/test_software/eupathdb/library/ToxoDB-28_EacervulinaHoughton_Genome_kraken_cleaned.fna	ToxoDB-28_EacervulinaHoughton	5801
/home/carmoma/projects/TFM_MiguelAngelEsteve/test_software/eupathdb/library/ToxoDB-28_EbrunettiHoughton_Genome_kraken_cleaned.fna	ToxoDB-28_EbrunettiHoughton	51314
/home/carmoma/projects/TFM_MiguelAngelEsteve/test_software/eupathdb/library/ToxoDB-28_EfalciformisBayerHaberkorn1970_Genome_kraken_cleaned.fna	ToxoDB-28_EfalciformisBayerHaberkorn1970	84963
/home/carmoma/projects/TFM_MiguelAngelEsteve/test_software/eupathdb/library/ToxoDB-28_EmaximaWeybridge_Genome_kraken_cleaned.fna	ToxoDB-28_EmaximaWeybridge	5804
/home/carmoma/projects/TFM_MiguelAngelEsteve/test_software/eupathdb/library/ToxoDB-28_EmitisHoughton_Genome_kraken_cleaned.fna	ToxoDB-28_EmitisHoughton	44415
/home/carmoma/projects/TFM_MiguelAngelEsteve/test_software/eupathdb/library/ToxoDB-28_EnecatrixHoughton_Genome_kraken_cleaned.fna	ToxoDB-28_EnecatrixHoughton	51315
/home/carmoma/projects/TFM_MiguelAngelEsteve/test_software/eupathdb/library/ToxoDB-28_EpraecoxHoughton_Genome_kraken_cleaned.fna	ToxoDB-28_EpraecoxHoughton	51316
/home/carmoma/projects/TFM_MiguelAngelEsteve/test_software/eupathdb/library/ToxoDB-28_EtenellaHoughton_Genome_kraken_cleaned.fna	ToxoDB-28_EtenellaHoughton	413949
/home/carmoma/projects/TFM_MiguelAngelEsteve/test_software/eupathdb/library/ToxoDB-28_HhammondiHH34_Genome_kraken_cleaned.fna	ToxoDB-28_HhammondiHH34	99158
/home/carmoma/projects/TFM_MiguelAngelEsteve/test_software/eupathdb/library/ToxoDB-28_NcaninumLIV_Genome_kraken_cleaned.fna	ToxoDB-28_NcaninumLIV	572307
/home/carmoma/projects/TFM_MiguelAngelEsteve/test_software/eupathdb/library/ToxoDB-28_SneuronaSN1_Genome_kraken_cleaned.fna	ToxoDB-28_SneuronaSN1	42890
/home/carmoma/projects/TFM_MiguelAngelEsteve/test_software/eupathdb/library/ToxoDB-28_TgondiiARI_Genome_kraken_cleaned.fna	ToxoDB-28_TgondiiARI	1074872
/home/carmoma/projects/TFM_MiguelAngelEsteve/test_software/eupathdb/library/ToxoDB-28_TgondiiCAST_Genome_kraken_cleaned.fna	ToxoDB-28_TgondiiCAST	943122
/home/carmoma/projects/TFM_MiguelAngelEsteve/test_software/eupathdb/library/ToxoDB-28_TgondiiCOUG_Genome_kraken_cleaned.fna	ToxoDB-28_TgondiiCOUG	1074873
/home/carmoma/projects/TFM_MiguelAngelEsteve/test_software/eupathdb/library/ToxoDB-28_TgondiiCtCo5_Genome_kraken_cleaned.fna	ToxoDB-28_TgondiiCtCo5	1194599
/home/carmoma/projects/TFM_MiguelAngelEsteve/test_software/eupathdb/library/ToxoDB-28_TgondiiFOU_Genome_kraken_cleaned.fna	ToxoDB-28_TgondiiFOU	943167
/home/carmoma/projects/TFM_MiguelAngelEsteve/test_software/eupathdb/library/ToxoDB-28_TgondiiGAB2-2007-GAL-DOM2_Genome_kraken_cleaned.fna	ToxoDB-28_TgondiiGAB2-2007-GAL-DOM2	1130820
/home/carmoma/projects/TFM_MiguelAngelEsteve/test_software/eupathdb/library/ToxoDB-28_TgondiiGT1_Genome_kraken_cleaned.fna	ToxoDB-28_TgondiiGT1	507601
/home/carmoma/projects/TFM_MiguelAngelEsteve/test_software/eupathdb/library/ToxoDB-28_TgondiiMAS_Genome_kraken_cleaned.fna	ToxoDB-28_TgondiiMAS	943118
/home/carmoma/projects/TFM_MiguelAngelEsteve/test_software/eupathdb/library/ToxoDB-28_TgondiiME49_Genome_kraken_cleaned.fna	ToxoDB-28_TgondiiME49	508771
/home/carmoma/projects/TFM_MiguelAngelEsteve/test_software/eupathdb/library/ToxoDB-28_Tgondiip89_Genome_kraken_cleaned.fna	ToxoDB-28_Tgondiip89	943119
/home/carmoma/projects/TFM_MiguelAngelEsteve/test_software/eupathdb/library/ToxoDB-28_TgondiiRH_Genome_kraken_cleaned.fna	ToxoDB-28_TgondiiRH	383379
/home/carmoma/projects/TFM_MiguelAngelEsteve/test_software/eupathdb/library/ToxoDB-28_TgondiiRUB_Genome_kraken_cleaned.fna	ToxoDB-28_TgondiiRUB	935652
/home/carmoma/projects/TFM_MiguelAngelEsteve/test_software/eupathdb/library/ToxoDB-28_TgondiiTgCATBr5_Genome_kraken_cleaned.fna	ToxoDB-28_TgondiiTgCATBr5	943121
/home/carmoma/projects/TFM_MiguelAngelEsteve/test_software/eupathdb/library/ToxoDB-28_TgondiiTgCATBr9_Genome_kraken_cleaned.fna	ToxoDB-28_TgondiiTgCATBr9	943120
/home/carmoma/projects/TFM_MiguelAngelEsteve/test_software/eupathdb/library/ToxoDB-28_TgondiiTgCatPRC2_Genome_kraken_cleaned.fna	ToxoDB-28_TgondiiTgCatPRC2	1130821
/home/carmoma/projects/TFM_MiguelAngelEsteve/test_software/eupathdb/library/ToxoDB-28_TgondiiTgCkUg2_Genome_kraken_cleaned.fna	ToxoDB-28_TgondiiTgCkUg2	5811
/home/carmoma/projects/TFM_MiguelAngelEsteve/test_software/eupathdb/library/ToxoDB-28_TgondiiVAND_Genome_kraken_cleaned.fna	ToxoDB-28_TgondiiVAND	933077
/home/carmoma/projects/TFM_MiguelAngelEsteve/test_software/eupathdb/library/ToxoDB-28_TgondiiVEG_Genome_kraken_cleaned.fna	ToxoDB-28_TgondiiVEG	432359
/home/carmoma/projects/TFM_MiguelAngelEsteve/test_software/eupathdb/library/TrichDB-28_TvaginalisG3_Genome_kraken_cleaned.fna	TrichDB-28_TvaginalisG3	412133
/home/carmoma/projects/TFM_MiguelAngelEsteve/test_software/eupathdb/library/TriTrypDB-28_EmonterogeiiLV88_Genome_kraken_cleaned.fna	TriTrypDB-28_EmonterogeiiLV88	5705
/home/carmoma/projects/TFM_MiguelAngelEsteve/test_software/eupathdb/library/TriTrypDB-28_LaethiopicaL147_Genome_kraken_cleaned.fna	TriTrypDB-28_LaethiopicaL147	1206056
/home/carmoma/projects/TFM_MiguelAngelEsteve/test_software/eupathdb/library/TriTrypDB-28_LamazonensisMHOMBR71973M2269_Genome_kraken_cleaned.fna	TriTrypDB-28_LamazonensisMHOMBR71973M2269	5659
/home/carmoma/projects/TFM_MiguelAngelEsteve/test_software/eupathdb/library/TriTrypDB-28_LarabicaLEM1108_Genome_kraken_cleaned.fna	TriTrypDB-28_LarabicaLEM1108	40284
/home/carmoma/projects/TFM_MiguelAngelEsteve/test_software/eupathdb/library/TriTrypDB-28_LbraziliensisMHOMBR75M2903_Genome_kraken_cleaned.fna	TriTrypDB-28_LbraziliensisMHOMBR75M2903	1295825
/home/carmoma/projects/TFM_MiguelAngelEsteve/test_software/eupathdb/library/TriTrypDB-28_LbraziliensisMHOMBR75M2904_Genome_kraken_cleaned.fna	TriTrypDB-28_LbraziliensisMHOMBR75M2904	420245
/home/carmoma/projects/TFM_MiguelAngelEsteve/test_software/eupathdb/library/TriTrypDB-28_LdonovaniBHU1220_Genome_kraken_cleaned.fna	TriTrypDB-28_LdonovaniBHU1220	5661
/home/carmoma/projects/TFM_MiguelAngelEsteve/test_software/eupathdb/library/TriTrypDB-28_LdonovaniBPK282A1_Genome_kraken_cleaned.fna	TriTrypDB-28_LdonovaniBPK282A1	981087
/home/carmoma/projects/TFM_MiguelAngelEsteve/test_software/eupathdb/library/TriTrypDB-28_LenriettiiLEM3045_Genome_kraken_cleaned.fna	TriTrypDB-28_LenriettiiLEM3045	5663
/home/carmoma/projects/TFM_MiguelAngelEsteve/test_software/eupathdb/library/TriTrypDB-28_LgerbilliLEM452_Genome_kraken_cleaned.fna	TriTrypDB-28_LgerbilliLEM452	40285
/home/carmoma/projects/TFM_MiguelAngelEsteve/test_software/eupathdb/library/TriTrypDB-28_LinfantumJPCM5_Genome_kraken_cleaned.fna	TriTrypDB-28_LinfantumJPCM5	435258
/home/carmoma/projects/TFM_MiguelAngelEsteve/test_software/eupathdb/library/TriTrypDB-28_LmajorFriedlin_Genome_kraken_cleaned.fna	TriTrypDB-28_LmajorFriedlin	347515
/home/carmoma/projects/TFM_MiguelAngelEsteve/test_software/eupathdb/library/TriTrypDB-28_LmajorLV39c5_Genome_kraken_cleaned.fna	TriTrypDB-28_LmajorLV39c5	860569
/home/carmoma/projects/TFM_MiguelAngelEsteve/test_software/eupathdb/library/TriTrypDB-28_LmajorSD75.1_Genome_kraken_cleaned.fna	TriTrypDB-28_LmajorSD75.1	860570
/home/carmoma/projects/TFM_MiguelAngelEsteve/test_software/eupathdb/library/TriTrypDB-28_LmexicanaMHOMGT2001U1103_Genome_kraken_cleaned.fna	TriTrypDB-28_LmexicanaMHOMGT2001U1103	929439
/home/carmoma/projects/TFM_MiguelAngelEsteve/test_software/eupathdb/library/TriTrypDB-28_LpanamensisMHOMCOL81L13_Genome_kraken_cleaned.fna	TriTrypDB-28_LpanamensisMHOMCOL81L13	1295824
/home/carmoma/projects/TFM_MiguelAngelEsteve/test_software/eupathdb/library/TriTrypDB-28_LpyrrhocorisH10_Genome_kraken_cleaned.fna	TriTrypDB-28_LpyrrhocorisH10	157538
/home/carmoma/projects/TFM_MiguelAngelEsteve/test_software/eupathdb/library/TriTrypDB-28_LseymouriATCC30220_Genome_kraken_cleaned.fna	TriTrypDB-28_LseymouriATCC30220	5684
/home/carmoma/projects/TFM_MiguelAngelEsteve/test_software/eupathdb/library/TriTrypDB-28_LspMARLEM2494_Genome_kraken_cleaned.fna	TriTrypDB-28_LspMARLEM2494	1303197
/home/carmoma/projects/TFM_MiguelAngelEsteve/test_software/eupathdb/library/TriTrypDB-28_LtarentolaeParrotTarII_Genome_kraken_cleaned.fna	TriTrypDB-28_LtarentolaeParrotTarII	5689
/home/carmoma/projects/TFM_MiguelAngelEsteve/test_software/eupathdb/library/TriTrypDB-28_LtropicaL590_Genome_kraken_cleaned.fna	TriTrypDB-28_LtropicaL590	1206058
/home/carmoma/projects/TFM_MiguelAngelEsteve/test_software/eupathdb/library/TriTrypDB-28_LturanicaLEM423_Genome_kraken_cleaned.fna	TriTrypDB-28_LturanicaLEM423	62297
/home/carmoma/projects/TFM_MiguelAngelEsteve/test_software/eupathdb/library/TriTrypDB-28_TbruceigambienseDAL972_Genome_kraken_cleaned.fna	TriTrypDB-28_TbruceigambienseDAL972	679716
/home/carmoma/projects/TFM_MiguelAngelEsteve/test_software/eupathdb/library/TriTrypDB-28_TbruceiLister427_Genome_kraken_cleaned.fna	TriTrypDB-28_TbruceiLister427	5691
/home/carmoma/projects/TFM_MiguelAngelEsteve/test_software/eupathdb/library/TriTrypDB-28_TbruceiTREU927_Genome_kraken_cleaned.fna	TriTrypDB-28_TbruceiTREU927	185431
/home/carmoma/projects/TFM_MiguelAngelEsteve/test_software/eupathdb/library/TriTrypDB-28_TcongolenseIL3000_Genome_kraken_cleaned.fna	TriTrypDB-28_TcongolenseIL3000	1068625
/home/carmoma/projects/TFM_MiguelAngelEsteve/test_software/eupathdb/library/TriTrypDB-28_TcruziCLBrenerEsmeraldo-like_Genome_kraken_cleaned.fna	TriTrypDB-28_TcruziCLBrenerEsmeraldo-like	5693
/home/carmoma/projects/TFM_MiguelAngelEsteve/test_software/eupathdb/library/TriTrypDB-28_TcruziCLBrener_Genome_kraken_cleaned.fna	TriTrypDB-28_TcruziCLBrener	353153
/home/carmoma/projects/TFM_MiguelAngelEsteve/test_software/eupathdb/library/TriTrypDB-28_TcruziCLBrenerNon-Esmeraldo-like_Genome_kraken_cleaned.fna	TriTrypDB-28_TcruziCLBrenerNon-Esmeraldo-like	5693
/home/carmoma/projects/TFM_MiguelAngelEsteve/test_software/eupathdb/library/TriTrypDB-28_TcruziDm28c_Genome_kraken_cleaned.fna	TriTrypDB-28_TcruziDm28c	1416333
/home/carmoma/projects/TFM_MiguelAngelEsteve/test_software/eupathdb/library/TriTrypDB-28_TcruziEsmeraldo_Genome_kraken_cleaned.fna	TriTrypDB-28_TcruziEsmeraldo	366581
/home/carmoma/projects/TFM_MiguelAngelEsteve/test_software/eupathdb/library/TriTrypDB-28_TcruziJRcl4_Genome_kraken_cleaned.fna	TriTrypDB-28_TcruziJRcl4	914063
/home/carmoma/projects/TFM_MiguelAngelEsteve/test_software/eupathdb/library/TriTrypDB-28_TcruzimarinkelleiB7_Genome_kraken_cleaned.fna	TriTrypDB-28_TcruzimarinkelleiB7	5693
/home/carmoma/projects/TFM_MiguelAngelEsteve/test_software/eupathdb/library/TriTrypDB-28_TcruziSylvioX10-1_Genome_kraken_cleaned.fna	TriTrypDB-28_TcruziSylvioX10-1	5693
/home/carmoma/projects/TFM_MiguelAngelEsteve/test_software/eupathdb/library/TriTrypDB-28_TcruziTulacl2_Genome_kraken_cleaned.fna	TriTrypDB-28_TcruziTulacl2	1206070
/home/carmoma/projects/TFM_MiguelAngelEsteve/test_software/eupathdb/library/TriTrypDB-28_TevansiSTIB805_Genome_kraken_cleaned.fna	TriTrypDB-28_TevansiSTIB805	5697
/home/carmoma/projects/TFM_MiguelAngelEsteve/test_software/eupathdb/library/TriTrypDB-28_TgrayiANR4_Genome_kraken_cleaned.fna	TriTrypDB-28_TgrayiANR4	71804
/home/carmoma/projects/TFM_MiguelAngelEsteve/test_software/eupathdb/library/TriTrypDB-28_TrangeliSC58_Genome_kraken_cleaned.fna	TriTrypDB-28_TrangeliSC58	429131
/home/carmoma/projects/TFM_MiguelAngelEsteve/test_software/eupathdb/library/TriTrypDB-28_TvivaxY486_Genome_kraken_cleaned.fna	TriTrypDB-28_TvivaxY486	1055687
